{
    "results": [{
            "title": "Closing the Sales and Marketing Divide",
            "contentType": "null",
            "description": "Presented by: \n\nJames Smee, Co-Founder at LEWIS Purestone \nFrederik Demets, Director Customer...",
            "url": "/en/resources/index/recorded-webinars/closing-the-sales-and-marketing-divide",
            "properties": {
                "type": "Webinar",
                "imageUrl": "/-/media/www/images/icons/29_webinar_reg.svg?mh=160\u0026mw=300\u0026hash=8C5607A29E9EAF1352D68CB3E4466E7F0E51EA10"
            }
        },
        {
            "title": "Context marketing in action nutricia",
            "contentType": "null",
            "description": "",
            "url": "/en/resources/index/ebooks/context-marketing-in-action-nutricia",
            "properties": {
                "type": "eBook",
                "imageUrl": "/-/media/www/images/icons/26_ebook_reg.svg?mh=160\u0026mw=300\u0026hash=3395F0A1A5F2218E2F5D78778077F53F204D2F4C"
            }
        },
        {
            "title": "How to personalize your website to boost conversions",
            "contentType": "null",
            "description": "Most web marketers already believe in the power of personalization, but many struggle to get...",
            "url": "/en/resources/index/white-papers/how-to-personalize-your-website-to-boost-conversions",
            "properties": {
                "type": "White Paper",
                "imageUrl": "/-/media/www/images/icons/30_whitepaper_reg.svg?mh=160\u0026mw=300\u0026hash=7352882F006522D8784FF83A03DEABD70C8D3DBD"
            }
        },
        {
            "title": "Gartner webinar: WCM’s role in your digital experience strategy ",
            "contentType": "null",
            "description": "This webinar shows you the latest techniques for building personas and personalizing your online...",
            "url": "/en/resources/index/recorded-webinars/gartner-webinar-wcm-role-in-your-digital-experience-strategy",
            "properties": {
                "type": "Webinar",
                "imageUrl": "/-/media/www/images/icons/29_webinar_reg.svg?mh=160\u0026mw=300\u0026hash=8C5607A29E9EAF1352D68CB3E4466E7F0E51EA10"
            }
        },
        {
            "title": "Gartner’s Critical Capabilities for Web Content Management, 2016",
            "contentType": "null",
            "description": "\nThough WCM systems are the heart of your digital business strategy, not all vendors can support...",
            "url": "/en/resources/index/analyst-reports/gartner-critical-capabilities-for-web-content-management-2016",
            "properties": {
                "type": "Analyst Report",
                "imageUrl": "/-/media/www/images/icons/21_analystreport_3.svg?mh=160\u0026mw=300\u0026hash=2ED38E7CF176E43E4DA80A0901F3504EB556E729"
            }
        },
        {
            "title": "Why invest in Sitecore® Commerce?",
            "contentType": "null",
            "description": "How commerce has evolved and what to expect from the latest Sitecore Commerce release.",
            "url": "/en/resources/index/white-papers/why-invest-commerce-821",
            "properties": {
                "type": "White Paper",
                "imageUrl": "/-/media/www/images/icons/30_whitepaper_reg.svg?mh=160\u0026mw=300\u0026hash=7352882F006522D8784FF83A03DEABD70C8D3DBD"
            }
        },
        {
            "title": "Getting Personal With Your Commerce Experience",
            "contentType": "null",
            "description": "Webinar: Getting Personal With Your Commerce Experience",
            "url": "/en/resources/index/recorded-webinars/getting-personal-with-your-commerce-experience",
            "properties": {
                "type": "Webinar",
                "imageUrl": "/-/media/www/images/icons/29_webinar_reg.svg?mh=160\u0026mw=300\u0026hash=8C5607A29E9EAF1352D68CB3E4466E7F0E51EA10"
            }
        },
        {
            "title": "The SBOS™ board game",
            "contentType": "null",
            "description": "",
            "url": "/en/resources/index/ebooks/sbos-board-game-ebook",
            "properties": {
                "type": "eBook",
                "imageUrl": "/-/media/www/images/icons/26_ebook_reg.svg?mh=160\u0026mw=300\u0026hash=3395F0A1A5F2218E2F5D78778077F53F204D2F4C"
            }
        },
        {
            "title": "The Sitecore® Experience Platform™ on Microsoft Azure",
            "contentType": "null",
            "description": "Empowering modern marketers to put the customer at the center of everything they do",
            "url": "/en/resources/index/white-papers/sitecoreazurewhitepaper",
            "properties": {
                "type": "White Paper",
                "imageUrl": "/-/media/www/images/icons/30_whitepaper_reg.svg?mh=160\u0026mw=300\u0026hash=7352882F006522D8784FF83A03DEABD70C8D3DBD"
            }
        }, {
            "title": "Context marketing on a Microsoft scale",
            "contentType": "null",
            "description": "\n\n\nOptimizing customer and author experiences at the world\u0026rsquo;s biggest software company\nJim...",
            "url": "/en/resources/index/video-assets/context-marketing-on-a-microsoft-scale",
            "properties": {
                "type": "Video",
                "imageUrl": "/-/media/www/images/icons/28_video_reg.svg?mh=160\u0026mw=300\u0026hash=EA94FC99243D0FB4DF53B41BB6DF7273102BB4E2"
            }
        }, {
            "title": "What’s the deal with profiles, personas, and patterns?",
            "contentType": "null",
            "description": "\n\n\nUnderstanding the three Ps of Sitecore contextual intelligence\nMike Shaw, Marketing Strategist...",
            "url": "/en/resources/index/video-assets/whats-the-deal-with-profiles-personas-and-patterns",
            "properties": {
                "type": "Video",
                "imageUrl": "/-/media/www/images/icons/28_video_reg.svg?mh=160\u0026mw=300\u0026hash=EA94FC99243D0FB4DF53B41BB6DF7273102BB4E2"
            }
        }, {
            "title": "Online commerce: Plotting a course to personalization",
            "contentType": "null",
            "description": "With 81% of decision makers expecting their organization\u0026rsquo;s online sales to increase in the...",
            "url": "/en/resources/index/infographics/vanson-bourne-commerce-infographic",
            "properties": {
                "type": "Infographic",
                "imageUrl": "/-/media/www/images/icons/08_content.svg?mh=160\u0026mw=300\u0026hash=222BA58AF5EA4F29D49B62BB957B0EAF03B744D1"
            }
        }
    ]
}